search_string,unique_name,approximate_match,ott_id,is_synonym,flags,number_matches,corrected_name
artibeus anderseni,Artibeus anderseni,FALSE,805983,FALSE,sibling_higher,1,Dermanura_anderseni
artibeus aztecus,Artibeus aztecus,FALSE,1039987,FALSE,sibling_higher,1,Dermanura_aztecus
artibeus cinereus,Artibeus cinereus,FALSE,513419,FALSE,sibling_higher,1,Dermanura_cinereus
artibeus glaucus,Artibeus glaucus,FALSE,513426,FALSE,sibling_higher,1,Dermanura_glaucus
artibeus phaeotis,Artibeus phaeotis,FALSE,513447,FALSE,sibling_higher,1,Dermanura_phaeotis
artibeus toltecus,Artibeus toltecus,FALSE,362821,FALSE,sibling_higher,1,Dermanura_toltecus
micronycteris homezi,Micronycteris homezi,FALSE,596437,FALSE,sibling_higher,2,Micronycteris_minuta
physeter catodon,Physeter catodon,FALSE,276851,FALSE,sibling_higher,1,Physeter_macrocephalus
saguinus fuscicollis,Saguinus fuscicollis,FALSE,1015238,FALSE,sibling_higher,1,Leontocebus_fuscicollis
saguinus graellsi,Saguinus graellsi,FALSE,955071,FALSE,sibling_higher,1,Leontocebus_nigricollis
saguinus melanoleucus,Saguinus melanoleucus,FALSE,429033,FALSE,sibling_higher,1,Leontocebus_weddelli
saguinus nigricollis,Saguinus nigricollis,FALSE,1015216,FALSE,sibling_higher,1,Leontocebus_nigricollis
saguinus tripartitus,Saguinus tripartitus,FALSE,394176,FALSE,sibling_higher,1,Leontocebus_tripartitus
artibeus gnomus,Artibeus glaucus gnomus,FALSE,513423,TRUE,infraspecific,1,Dermanura_gnomus
artibeus watsoni,Artibeus glaucus watsoni,FALSE,805986,TRUE,infraspecific,1,Dermanura_watsoni
damaliscus korrigum,Damaliscus lunatus korrigum,FALSE,540240,TRUE,infraspecific,1,Damaliscus_lunatus
alouatta coibensis,Alouatta coibensis,TRUE,3607546,FALSE,hidden,1,Alouatta_palliata
elasmodontomys obliquus,Elasmodontomys obliquus,FALSE,3611121,FALSE,"extinct, incertae_sedis",1,NOTFOUND
acomys chudeaui,Acomys chudeaui,FALSE,487174,FALSE,,1,Acomys_cahirinus
alcelaphus caama,Alcelaphus caama,FALSE,989782,FALSE,,1,Alcelaphus_buselaphus
ammospermophilus insularis,Ammospermophilus insularis,FALSE,632597,FALSE,,1,NOTFOUND
babyrousa bolabatuensis,Babyrousa bolabatuensis,FALSE,3611401,FALSE,,1,NOTFOUND
bassaricyon beddardi,Bassaricyon beddardi,FALSE,1023225,FALSE,,2,Bassaricyon_alleni
beamys major,Beamys major,FALSE,3608526,FALSE,,1,NOTFOUND
blarina peninsulae,Blarina peninsulae,FALSE,3614400,FALSE,,1,NOTFOUND
bubalus bubalis,Bubalus bubalis,FALSE,641187,FALSE,,1,Bubalus_arnee
callithrix pygmaea,Callithrix pygmaea,FALSE,489225,FALSE,,1,Cebuella_pygmaea
cephalophus brookei,Cephalophus brookei,FALSE,3611667,FALSE,,1,NOTFOUND
cercopithecus albogularis,Cercopithecus albogularis,FALSE,311705,FALSE,,1,Cercopithecus_mitis
cercopithecus denti,Cercopithecus denti,FALSE,198616,FALSE,,1,NOTFOUND
cercopithecus doggetti,Cercopithecus doggetti,FALSE,3607605,FALSE,,1,Cercopithecus_mitis
cercopithecus kandti,Cercopithecus kandti,FALSE,3607604,FALSE,,1,Cercopithecus_mitis
cercopithecus lowei,Cercopithecus lowei,FALSE,3607603,FALSE,,1,NOTFOUND
cercopithecus roloway,Cercopithecus roloway,FALSE,699219,FALSE,,1,NOTFOUND
cercopithecus wolfi,Cercopithecus wolfi,FALSE,375164,FALSE,,1,NOTFOUND
chaerephon leucogaster,Chaerephon leucogaster,FALSE,943303,FALSE,,1,NOTFOUND
chaerephon shortridgei,Chaerephon shortridgei,FALSE,3613966,FALSE,,1,Chaerephon_chapini
chiropotes israelita,Chiropotes israelita,FALSE,571889,FALSE,,1,NOTFOUND
coendou rothschildi,Coendou rothschildi,FALSE,3609640,FALSE,,1,NOTFOUND
cratogeomys gymnurus,Cratogeomys gymnurus,FALSE,949956,FALSE,,1,Cratogeomys_fumosus
cratogeomys neglectus,Cratogeomys neglectus,FALSE,433075,FALSE,,1,Cratogeomys_fumosus
cratogeomys tylorhinus,Cratogeomys tylorhinus,FALSE,949949,FALSE,,1,Cratogeomys_fumosus
cratogeomys zinseri,Cratogeomys zinseri,FALSE,187365,FALSE,,1,Cratogeomys_fumosus
cricetomys ansorgei,Cricetomys ansorgei,FALSE,465268,FALSE,,1,NOTFOUND
crocidura ichnusae,Crocidura ichnusae,FALSE,983290,FALSE,,1,NOTFOUND
dactylopsila palpator,Dactylopsila palpator,FALSE,837438,FALSE,,1,Dactylonax_palpator
dasymys alleni,Dasymys alleni,FALSE,3608669,FALSE,,1,NOTFOUND
dendromus leucostomus,Dendromus leucostomus,FALSE,3608541,FALSE,,1,NOTFOUND
dendromus nyasae,Dendromus nyasae,FALSE,3608543,FALSE,,1,Dendromus_kivu
dephomys eburneae,Dephomys eburneae,FALSE,3608826,FALSE,,1,NOTFOUND
dipodillus bottai,Dipodillus bottai,FALSE,3608910,FALSE,,1,Gerbillus_bottai
dipodillus campestris,Dipodillus campestris,FALSE,89162,FALSE,,1,Gerbillus_campestris
dipodillus dasyurus,Dipodillus dasyurus,FALSE,438464,FALSE,,1,Gerbillus_dasyurus
dipodillus harwoodi,Dipodillus harwoodi,FALSE,3608909,FALSE,,1,Gerbillus_harwoodi
dipodillus jamesi,Dipodillus jamesi,FALSE,3608912,FALSE,,1,Gerbillus_jamesi
dipodillus mackilligini,Dipodillus mackilligini,FALSE,3608911,FALSE,,1,Gerbillus_mackillingini
dipodillus maghrebi,Dipodillus maghrebi,FALSE,3608917,FALSE,,1,Gerbillus_maghrebi
dipodillus simoni,Dipodillus simoni,FALSE,809723,FALSE,,1,Gerbillus_simoni
dipodillus somalicus,Dipodillus somalicus,FALSE,3608913,FALSE,,1,Gerbillus_somalicus
dipodillus stigmonyx,Dipodillus stigmonyx,FALSE,3608915,FALSE,,1,Gerbillus_stigmonyx
dipodillus zakariai,Dipodillus zakariai,FALSE,3608914,FALSE,,1,NOTFOUND
dobsonia magna,Dobsonia magna,FALSE,340690,FALSE,,1,Dobsonia_moluccensis
elephantulus revoili,Elephantulus revoili,FALSE,334233,FALSE,,1,Elephantulus_revoilii
epomophorus minor,Epomophorus minor,FALSE,787381,FALSE,,1,NOTFOUND
equus asinus,Equus asinus,FALSE,1068202,FALSE,,1,Equus_africanus
equus burchellii,Equus burchellii,FALSE,1068214,FALSE,,1,Equus_quagga
galago alleni,Galago alleni,FALSE,173071,FALSE,,1,Sciurocheirus_alleni
galago cameronensis,Galago gabonensis,TRUE,323060,FALSE,,1,Sciurocheirus_alleni
galago gabonensis,Galago gabonensis,FALSE,323060,FALSE,,1,Sciurocheirus_gabonensis
galago granti,Galago granti,FALSE,323055,FALSE,,1,Galagoides_granti
galeopterus variegates,Galeopterus variegates,FALSE,3607464,FALSE,,1,Galeopterus_variegatus
galerella flavescens,Galerella flavescens,FALSE,3613283,FALSE,,1,Herpestes_flavescens
galerella pulverulenta,Galerella pulverulenta,FALSE,658638,FALSE,,1,Herpestes_pulverulentus
galerella sanguinea,Galerella sanguinea,FALSE,750158,FALSE,,1,Herpestes_sanguineus
gerbillus garamantis,Gerbillus garamantis,FALSE,3608942,FALSE,,1,NOTFOUND
gerbillus mauritaniae,Gerbillus mauritaniae,FALSE,3608946,FALSE,,1,NOTFOUND
gerbillus syrticus,Gerbillus syrticus,FALSE,3608941,FALSE,,1,NOTFOUND
gerbillus vivax,Gerbillus vivax,FALSE,3608968,FALSE,,1,NOTFOUND
gracilinanus formosus,Gracilinanus formosus,FALSE,3606699,FALSE,,1,NOTFOUND
grammomys poensis,Grammomys poensis,FALSE,3608638,FALSE,,2,NOTFOUND
hemitragus hylocrius,Hemitragus hylocrius,FALSE,203064,FALSE,,1,NOTFOUND
herpestes edwardsi,Herpestes edwardsi,FALSE,5835568,FALSE,,1,Herpestes_edwardsii
hexaprotodon liberiensis,Hexaprotodon liberiensis,FALSE,662806,FALSE,,1,Choeropsis_liberiensis
hydrictis maculicollis,Hydrictis maculicollis,FALSE,310493,FALSE,,1,NOTFOUND
hydrochoeris hydrochaeris,Hydrochoeris hydrochaeris,FALSE,7654488,FALSE,,1,Hydrochoerus_hydrochaeris
hydrochoeris isthmius,Hydrochoeris isthmius,FALSE,3609897,FALSE,,1,Hydrochoerus_isthmius
hypsugo alaschanicus,Hypsugo alaschanicus,FALSE,709480,FALSE,,1,NOTFOUND
hypsugo anthonyi,Hypsugo anthonyi,FALSE,3613829,FALSE,,1,Pipistrellus_joffrei
hypsugo arabicus,Hypsugo arabicus,FALSE,3613869,FALSE,,1,Pipistrellus_arabicus
hypsugo ariel,Hypsugo ariel,FALSE,743480,FALSE,,1,Pipistrellus_ariel
hypsugo bodenheimeri,Hypsugo bodenheimeri,FALSE,3613837,FALSE,,1,Pipistrellus_ariel
hypsugo cadornae,Hypsugo cadornae,FALSE,626354,FALSE,,1,Pipistrellus_cadornae
hypsugo imbricatus,Hypsugo imbricatus,FALSE,3613840,FALSE,,1,Pipistrellus_imbricatus
hypsugo joffrei,Hypsugo joffrei,FALSE,3613846,FALSE,,1,Pipistrellus_joffrei
hypsugo kitcheneri,Hypsugo kitcheneri,FALSE,3613853,FALSE,,1,Pipistrellus_kitcheneri
hypsugo lophurus,Hypsugo lophurus,FALSE,3613863,FALSE,,1,Pipistrellus_lophurus
hypsugo macrotis,Hypsugo macrotis,FALSE,3613831,FALSE,,1,Pipistrellus_macrotis
hypsugo musciculus,Hypsugo musciculus,FALSE,3613836,FALSE,,1,Pipistrellus_musciculus
hypsugo pulveratus,Hypsugo pulveratus,FALSE,1022374,FALSE,,1,Pipistrellus_pulveratus
hypsugo savii,Hypsugo savii,FALSE,1080298,FALSE,,1,Pipistrellus_savii
lasiurus salinae,Lasiurus salinae,FALSE,3613713,FALSE,,1,Lasiurus_blossevillii
leopardus braccatus,Leopardus braccatus,FALSE,3613208,FALSE,,1,Leopardus_colocolo
lophuromys ansorgei,Lophuromys ansorgei,FALSE,3608593,FALSE,,1,NOTFOUND
lophuromys aquilus,Lophuromys aquilus,FALSE,3608587,FALSE,,1,Lophuromys_cinereus
lophuromys brunneus,Lophuromys brunneus,FALSE,3608596,FALSE,,1,NOTFOUND
lophuromys zena,Lophuromys zena,FALSE,3608592,FALSE,,1,NOTFOUND
loxodonta cyclotis,Loxodonta cyclotis,FALSE,418570,FALSE,,1,NOTFOUND
lutra nippon,Lutra nippon,FALSE,3612690,FALSE,,1,Lutra_lutra
lycalopex culpaeus,Lycalopex culpaeus,FALSE,776077,FALSE,,1,Pseudalopex_culpaeus
lycalopex fulvipes,Lycalopex fulvipes,FALSE,996573,FALSE,,1,Pseudalopex_fulvipes
lycalopex griseus,Lycalopex griseus,FALSE,776070,FALSE,,2,Pseudalopex_gymnocercus
lycalopex gymnocercus,Lycalopex gymnocercus,FALSE,839340,FALSE,,1,Pseudalopex_gymnocercus
lycalopex sechurae,Lycalopex sechurae,FALSE,313143,FALSE,,1,Pseudalopex_sechurae
lycalopex vetulus,Lycalopex vetulus,FALSE,313153,FALSE,,1,Pseudalopex_vetulus
manis gigantea,Manis gigantea,FALSE,3613427,FALSE,,1,Smutsia_gigantea
manis temminckii,Manis temminckii,FALSE,263949,FALSE,,1,Smutsia_temminckii
manis tetradactyla,Manis tetradactyla,FALSE,849634,FALSE,,1,Phataginus_tetradactyla
manis tricuspis,Manis tricuspis,FALSE,1079387,FALSE,,1,Phataginus_tricuspis
marmosops dorothea,Marmosops dorothea,FALSE,512837,FALSE,,1,NOTFOUND
micaelamys granti,Micaelamys granti,FALSE,3608713,FALSE,,1,Aethomys_granti
micaelamys namaquensis,Micaelamys namaquensis,FALSE,742036,FALSE,,1,Aethomys_namaquensis
micoureus alstoni,Micoureus alstoni,FALSE,29033,FALSE,,1,Marmosa_alstoni
micoureus constantiae,Micoureus constantiae,FALSE,913354,FALSE,,1,Marmosa_constantiae
micoureus demerarae,Micoureus demerarae,FALSE,606436,FALSE,,1,Marmosa_demerarae
micoureus paraguayanus,Micoureus paraguayanus,FALSE,392321,FALSE,,1,Marmosa_paraguayanus
micoureus phaeus,Micoureus phaeus,FALSE,3606666,FALSE,,1,Marmosa_phaea
micoureus regina,Micoureus regina,FALSE,84822,FALSE,,1,Marmosa_regina
miniopterus africanus,Miniopterus africanus,FALSE,996932,FALSE,,1,NOTFOUND
monodelphis sorex,Monodelphis sorex,FALSE,80082,FALSE,,1,NOTFOUND
monodelphis umbristriata,Monodelphis umbristriata,FALSE,356001,FALSE,,1,Monodelphis_umbristriatus
monodelphis unistriata,Monodelphis unistriata,FALSE,3606709,FALSE,,1,Monodelphis_unistriatus
mormopterus kalinowskii,Mormopterus kalinowskii,FALSE,301610,FALSE,,1,Nyctinomops_kalinowskii
murina silvatica,Murina silvatica,FALSE,3613779,FALSE,,1,Murina_ussuriensis
myodes imaizumii,Myodes imaizumii,FALSE,4940962,FALSE,,1,NOTFOUND
myoictis wallacii,Myoictis wallacii,FALSE,3607133,FALSE,,1,Myoictis_wallacei
myotis abei,Myotis abei,FALSE,3613659,FALSE,,1,Myotis_daubentonii
myotis hosonoi,Myotis hosonoi,FALSE,3613640,FALSE,,1,Myotis_ikonnikovi
myotis oxygnathus,Myotis oxygnathus,FALSE,743482,FALSE,,1,Myotis_blythii
myotis ozensis,Myotis ozensis,FALSE,3613658,FALSE,,1,Myotis_ikonnikovi
myotis ricketti,Myotis ricketti,FALSE,31968,FALSE,,1,Myotis_pilosus
myotis yesoensis,Myotis yesoensis,FALSE,3613654,FALSE,,1,Myotis_ikonnikovi
myotomys sloggetti,Myotomys sloggetti,FALSE,433648,FALSE,,1,Otomys_sloggetti
myotomys unisulcatus,Myotomys unisulcatus,FALSE,647417,FALSE,,1,Otomys_unisulcatus
neodon juldaschi,Neodon juldaschi,FALSE,624833,FALSE,,1,Blanfordimys_juldaschi
neoromicia brunneus,Neoromicia brunneus,FALSE,176321,FALSE,,1,Neoromicia_brunnea
neoromicia nanus,Neoromicia nanus,FALSE,286103,FALSE,,1,Neoromicia_nana
neoromicia somalicus,Neoromicia somalicus,FALSE,826854,FALSE,,1,Neoromicia_somalica
neotragus moschatus,Neotragus moschatus,FALSE,561124,FALSE,,1,Nesotragus_moschatus
ningaui yvonnae,Ningaui yvonnae,FALSE,904312,FALSE,,1,Ningaui_yvonneae
ochotona gaoligongensis,Ochotona gaoligongensis,FALSE,3611327,FALSE,,1,Ochotona_forresti
ochotona himalayana,Ochotona himalayana,FALSE,258383,FALSE,,1,Ochotona_roylei
ochotona huangensis,Ochotona huangensis,FALSE,258381,FALSE,,1,Ochotona_syrinx
ochotona muliensis,Ochotona muliensis,FALSE,899308,FALSE,,1,Ochotona_gloveri
oryzomys chapmani,Oryzomys chapmani,FALSE,3608294,FALSE,,1,Handleyomys_chapmani
otolemur monteiri,Otolemur monteiri,FALSE,679564,FALSE,,1,Otolemur_crassicaudatus
otomys dollmani,Otomys dollmani,FALSE,3608822,FALSE,,1,NOTFOUND
otomys maximus,Otomys maximus,FALSE,647413,FALSE,,1,Otomys_angoniensis
otomys saundersiae,Otomys saundersiae,FALSE,433656,FALSE,,1,Otomys_karoensis
piliocolobus badius,Piliocolobus badius,FALSE,640572,FALSE,,1,Procolobus_badius
piliocolobus foai,Piliocolobus foai,FALSE,1013930,FALSE,,1,NOTFOUND
piliocolobus gordonorum,Piliocolobus gordonorum,FALSE,1013949,FALSE,,1,Procolobus_gordonorum
piliocolobus kirkii,Piliocolobus kirkii,FALSE,1013935,FALSE,,1,Procolobus_kirkii
piliocolobus pennantii,Piliocolobus pennantii,FALSE,437216,FALSE,,1,Procolobus_pennantii
piliocolobus preussi,Piliocolobus preussi,FALSE,437219,FALSE,,1,Procolobus_preussi
piliocolobus rufomitratus,Piliocolobus rufomitratus,FALSE,1013945,FALSE,,1,Procolobus_rufomitratus
piliocolobus tephrosceles,Piliocolobus tephrosceles,FALSE,1013938,FALSE,,1,NOTFOUND
piliocolobus tholloni,Piliocolobus tholloni,FALSE,1013942,FALSE,,1,NOTFOUND
platanista minor,Platanista minor,FALSE,477494,FALSE,,2,Platanista_gangetica
pogonomelomys bruijni,Pogonomelomys bruijni,FALSE,3608689,FALSE,,1,Pogonomelomys_bruijnii
prionailurus iriomotensis,Prionailurus iriomotensis,FALSE,418475,FALSE,,1,Prionailurus_bengalensis
profelis aurata,Profelis aurata,FALSE,660447,FALSE,,1,Caracal_aurata
przewalskium albirostris,Przewalskium albirostris,FALSE,345531,FALSE,,1,Cervus_albirostris
pseudois schaeferi,Pseudois schaeferi,FALSE,317128,FALSE,,1,Pseudois_nayaur
pseudomys laborifex,Pseudomys laborifex,FALSE,976067,FALSE,,1,Pseudomys_johnsoni
pseudopotto martini,Pseudopotto martini,FALSE,4941439,FALSE,,1,Perodicticus_potto
pteropus insularis,Pteropus insularis,FALSE,3613489,FALSE,,1,Pteropus_pelagicus
puma yagouaroundi,Puma yagouaroundi,FALSE,86162,FALSE,,1,Herpailurus_yagouaroundi
pygeretmus shitkovi,Pygeretmus shitkovi,FALSE,3608058,FALSE,,1,Pygeretmus_zhitkovi
rattus arfakiensis,Rattus arfakiensis,FALSE,3608862,FALSE,,1,Rattus_arfakienis
rattus sanila,Rattus sanila,FALSE,3608861,FALSE,,1,NOTFOUND
rhabdomys dilectus,Rhabdomys dilectus,FALSE,224251,FALSE,,1,NOTFOUND
rhinolophus cornutus,Rhinolophus cornutus,FALSE,423033,FALSE,,1,NOTFOUND
rhinolophus imaizumii,Rhinolophus imaizumii,FALSE,3614103,FALSE,,1,NOTFOUND
rhinolophus monoceros,Rhinolophus monoceros,FALSE,71984,FALSE,,1,NOTFOUND
saiga borealis,Saiga borealis,FALSE,3611670,FALSE,,1,NOTFOUND
salpingotus thomasi,Salpingotus thomasi,FALSE,3608055,FALSE,,1,NOTFOUND
scotoecus albigula,Scotoecus albigula,FALSE,3613728,FALSE,,1,NOTFOUND
scotoecus hindei,Scotoecus hindei,FALSE,3613731,FALSE,,1,NOTFOUND
scotonycteris ophiodon,Scotonycteris ophiodon,FALSE,3613529,FALSE,,1,Casinycteris_ophiodon
sminthopsis boullangerensis,Sminthopsis boullangerensis,FALSE,3607148,FALSE,,1,NOTFOUND
sorex gaspensis,Sorex gaspensis,FALSE,200880,FALSE,,1,Sorex_dispar
spalax carmeli,Spalax carmeli,FALSE,881882,FALSE,,1,NOTFOUND
spermophilus musicus,Spermophilus musicus,FALSE,782264,FALSE,,1,NOTFOUND
sturnira thomasi,Sturnira thomasi,FALSE,3613601,FALSE,,1,Sturnira_angeli
tachyoryctes ibeanus,Tachyoryctes ibeanus,FALSE,3608561,FALSE,,1,NOTFOUND
tachyoryctes ruandae,Tachyoryctes ruandae,FALSE,3608570,FALSE,,1,NOTFOUND
tamiops mcclellandii,Tamiops mcclellandii,FALSE,843314,FALSE,,1,Tamiops_macclellandii
taurotragus derbianus,Taurotragus derbianus,FALSE,147238,FALSE,,1,Tragelaphus_derbianus
thamnomys major,Thamnomys major,FALSE,3611206,FALSE,,1,NOTFOUND
trachypithecus ebenus,Trachypithecus ebenus,FALSE,3607628,FALSE,,1,NOTFOUND
trichosurus arnhemensis,Trichosurus arnhemensis,FALSE,836539,FALSE,,1,NOTFOUND
trichosurus johnstonii,Trichosurus johnstonii,FALSE,44500,FALSE,,1,NOTFOUND
zaglossus bruijni,Zaglossus bruijni,FALSE,565578,FALSE,,1,Zaglossus_bruijnii
zyzomys palatilis,Zyzomys palatilis,FALSE,399975,FALSE,,1,Zyzomys_palatalis
alcelaphus lichtensteinii,Alcelaphus lichtensteini,FALSE,363033,TRUE,,1,Alcelaphus_buselaphus
aotus hershkovitzi,Aotus lemurinus,FALSE,897634,TRUE,,1,Aotus_lemurinus
bassaricyon lasius,Bassaricyon gabbii,FALSE,178244,TRUE,,1,Bassaricyon_gabbii
bassaricyon pauli,Bassaricyon gabbii,FALSE,178244,TRUE,,1,Bassaricyon_gabbii
bunopithecus hoolock,Hoolock hoolock,FALSE,1029474,TRUE,,1,Hoolock_hoolock
callithrix argentata,Mico argentatus,FALSE,1015228,TRUE,,1,Mico_argentatus
callithrix chrysoleuca,Mico chrysoleucus,FALSE,3607561,TRUE,,1,Mico_chrysoleucus
callithrix emiliae,Mico emiliae,FALSE,488310,TRUE,,1,Mico_emiliae
callithrix humeralifera,Mico humeralifer,FALSE,683993,TRUE,,1,Mico_humeralifer
callithrix intermedia,Mico intermedius,FALSE,3607563,TRUE,,1,Mico_intermedius
callithrix leucippe,Mico leucippe,FALSE,3607564,TRUE,,1,Mico_leucippe
callithrix marcai,Mico marcai,FALSE,3607565,TRUE,,1,Mico_marcai
callithrix mauesi,Mico mauesi,FALSE,341884,TRUE,,1,Mico_mauesi
callithrix melanura,Mico melanurus,FALSE,1031373,TRUE,,1,Mico_melanurus
callithrix nigriceps,Mico nigriceps,FALSE,3607568,TRUE,,1,Mico_nigriceps
cebus apella,Sapajus apella,FALSE,197026,TRUE,,1,Sapajus_apella
cebus libidinosus,Sapajus libidinosus,FALSE,748283,TRUE,,1,Sapajus_libidinosus
cebus nigritus,Sapajus nigritus,FALSE,411831,TRUE,,1,Sapajus_nigritus
cebus xanthosternos,Sapajus xanthosternos,FALSE,331561,TRUE,,1,Sapajus_xanthosternos
cheirogaleus adipicaudatus,Cheirogaleus medius,FALSE,863759,TRUE,,1,Cheirogaleus_medius
cryptomys amatus,Fukomys amatus,FALSE,107128,TRUE,,1,Fukomys_amatus
cryptomys anselli,Fukomys anselli,FALSE,927982,TRUE,,1,Fukomys_anselli
cryptomys bocagei,Fukomys bocagei,FALSE,257746,TRUE,,1,Fukomys_bocagei
cryptomys damarensis,Fukomys damarensis,FALSE,895549,TRUE,,1,Fukomys_damarensis
cryptomys darlingi,Fukomys darlingi,FALSE,257739,TRUE,,1,Fukomys_darlingi
cryptomys mechowi,Fukomys mechowii,FALSE,107104,TRUE,,1,Fukomys_mechowi
cryptomys ochraceocinereus,Fukomys ochraceocinereus,FALSE,927962,TRUE,,1,Fukomys_ochraceocinereus
diplomys rufodorsalis,Santamartamys rufodorsalis,FALSE,3610457,TRUE,,1,Santamartamys_rufodorsalis
echimys semivillosus,Pattonomys semivillosus,FALSE,1002066,TRUE,,1,Pattonomys_semivillosus
echinoprocta rufescens,Coendou rufescens,FALSE,3609665,TRUE,,1,Coendou_rufescens
eptesicus matroka,Neoromicia matroka,FALSE,514381,TRUE,,1,Neoromicia_matroka
erethizon dorsata,Erethizon dorsatus,FALSE,3609645,TRUE,,1,Erethizon_dorsatum
eulemur albocollaris,Eulemur cinereiceps,FALSE,975685,TRUE,,2,Eulemur_cinereiceps
felis manul,Otocolobus manul,FALSE,86183,TRUE,,1,Otocolobus_manul
galago demidoff,Galagoides demidoff,FALSE,653041,TRUE,,1,Galagoides_demidovii
galago nyasae,Galago granti,FALSE,323055,TRUE,,1,Galagoides_granti
galago thomasi,Galagoides thomasi,FALSE,202831,TRUE,,1,Galagoides_thomasi
galago zanzibaricus,Galagoides zanzibaricus,FALSE,552575,TRUE,,2,Galagoides_zanzibaricus
gracilinanus agricolai,Cryptonanus agricolai,FALSE,3606702,TRUE,,1,Cryptonanus_agricolai
hemitragus jayakari,Arabitragus jayakari,FALSE,1068706,TRUE,,1,Arabitragus_jayakari
hydromys habbema,Baiyankamys habbema,FALSE,3608609,TRUE,,1,Baiyankamys_habbema
hydromys shawmayeri,Baiyankamys shawmayeri,FALSE,3608614,TRUE,,1,Baiyankamys_shawmayeri
hypsugo crassulus,Parahypsugo crassulus,FALSE,136222,TRUE,,1,Pipistrellus_crassulus
hypsugo eisentrauti,Parahypsugo eisentrauti,FALSE,635106,TRUE,,1,Pipistrellus_eisentrauti
leopardus jacobitus,Leopardus jacobita,FALSE,904397,TRUE,,1,Leopardus_jacobita
lissonycteris angolensis,Myonycteris angolensis,FALSE,687492,TRUE,,1,Myonycteris_angolensis
makalata grandis,Toromys grandis,FALSE,439346,TRUE,,1,Toromys_grandis
makalata occasius,Pattonomys occasius,FALSE,3609823,TRUE,,1,Pattonomys_occasius
makalata rhipidura,Toromys rhipidurus,FALSE,3609806,TRUE,,1,Toromys_rhipidurus
microhydromys musseri,Neacomys musseri,FALSE,48240,TRUE,,1,Neacomys_musseri
micromurexia habbema,Murexia habbema,FALSE,304008,TRUE,,1,Murexia_habbema
monachus schauinslandi,Neomonachus schauinslandi,FALSE,180367,TRUE,,1,Neomonachus_schauinslandi
monachus tropicalis,Neomonachus tropicalis,FALSE,3612943,TRUE,,1,Neomonachus_tropicalis
murexechinus melanurus,Murexia melanurus,FALSE,303997,TRUE,,1,Murexia_melanurus
murina grisea,Harpiola grisea,FALSE,3613626,TRUE,,1,Harpiola_grisea
neophascogale lorentzi,Neophascogale lorentzii,FALSE,1029247,TRUE,,1,Neophascogale_lorentzii
niviventer langbianis,Chiromyscus langbianis,FALSE,887565,TRUE,,1,Chiromyscus_langbianis
oryzomys albigularis,Nephelomys albigularis,FALSE,509370,TRUE,,1,Nephelomys_albigularis
oryzomys alfaroi,Handleyomys alfaroi,FALSE,509365,TRUE,,1,Handleyomys_alfaroi
oryzomys angouya,Sooretamys angouya,FALSE,1039661,TRUE,,1,Sooretamys_angouya
oryzomys auriventer,Nephelomys auriventer,FALSE,3608332,TRUE,,1,Nephelomys_auriventer
oryzomys balneator,Oreoryzomys balneator,FALSE,541877,TRUE,,1,Oreoryzomys_balneator
oryzomys bolivaris,Transandinomys bolivaris,FALSE,781352,TRUE,,1,Transandinomys_bolivaris
oryzomys caracolus,Nephelomys caracolus,FALSE,3608289,TRUE,,1,Nephelomys_caracolus
oryzomys devius,Nephelomys devius,FALSE,3608322,TRUE,,1,Nephelomys_devius
oryzomys emmonsae,Euryoryzomys emmonsae,FALSE,744,TRUE,,1,Euryoryzomys_emmonsae
oryzomys galapagoensis,Aegialomys galapagoensis,FALSE,509361,TRUE,,1,Aegialomys_galapagoensis
oryzomys hammondi,Mindomys hammondi,FALSE,770632,TRUE,,1,Mindomys_hammondi
oryzomys keaysi,Nephelomys keaysi,FALSE,3608301,TRUE,,1,Nephelomys_keaysi
oryzomys lamia,Euryoryzomys lamia,FALSE,634758,TRUE,,1,Euryoryzomys_lamia
oryzomys laticeps,Hylaeamys laticeps,FALSE,874893,TRUE,,1,Hylaeamys_laticeps
oryzomys legatus,Euryoryzomys legatus,FALSE,3608302,TRUE,,1,Euryoryzomys_legatus
oryzomys levipes,Nephelomys levipes,FALSE,775473,TRUE,,1,Nephelomys_levipes
oryzomys macconnelli,Euryoryzomys macconnelli,FALSE,27308,TRUE,,1,Euryoryzomys_macconnelli
oryzomys maracajuensis,Cerradomys maracajuensis,FALSE,315208,TRUE,,1,Cerradomys_maracajuensis
oryzomys marinhus,Cerradomys marinhus,FALSE,315202,TRUE,,1,Cerradomys_marinhus
oryzomys megacephalus,Hylaeamys megacephalus,FALSE,469034,TRUE,,1,Hylaeamys_megacephalus
oryzomys melanotis,Handleyomys melanotis,FALSE,4940983,TRUE,,1,Handleyomys_melanotis
oryzomys meridensis,Nephelomys meridensis,FALSE,3608311,TRUE,,1,Nephelomys_meridensis
oryzomys nitidus,Euryoryzomys nitidus,FALSE,27289,TRUE,,1,Euryoryzomys_nitidus
oryzomys perenensis,Hylaeamys perenensis,FALSE,634762,TRUE,,1,Hylaeamys_perenensis
oryzomys polius,Eremoryzomys polius,FALSE,1035611,TRUE,,1,Eremoryzomys_polius
oryzomys rhabdops,Handleyomys rhabdops,FALSE,3608293,TRUE,,1,Handleyomys_rhabdops
oryzomys rostratus,Handleyomys rostratus,FALSE,509355,TRUE,,1,Handleyomys_rostratus
oryzomys russatus,Euryoryzomys russatus,FALSE,739,TRUE,,1,Euryoryzomys_russatus
oryzomys saturatior,Handleyomys saturatior,FALSE,509359,TRUE,,1,Handleyomys_saturatior
oryzomys scotti,Cerradomys scotti,FALSE,315211,TRUE,,1,Cerradomys_scotti
oryzomys subflavus,Cerradomys subflavus,FALSE,570191,TRUE,,1,Cerradomys_subflavus
oryzomys talamancae,Transandinomys talamancae,FALSE,1039733,TRUE,,1,Transandinomys_talamancae talamancae
oryzomys xanthaeolus,Aegialomys xanthaeolus,FALSE,282364,TRUE,,1,Aegialomys_xanthaeolus
oryzomys yunganus,Hylaeamys yunganus,FALSE,509347,TRUE,,1,Hylaeamys_yunganus
otaria flavescens,Otaria byronia,FALSE,273182,TRUE,,1,Otaria_bryonia
paramurexia rothschildi,Murexia rothschildi,FALSE,929326,TRUE,,1,Murexia_rothschildi
phaiomys leucurus,Neodon leucurus,FALSE,662405,TRUE,,1,Neodon_leucurus
phascomurexia naso,Antechinus naso,FALSE,470342,TRUE,,1,Murexia_naso
pipistrellus hesperus,Parastrellus hesperus,FALSE,1034632,TRUE,,1,Parastrellus_hesperus
pteralopex acrodonta,Mirimiri acrodonta,FALSE,48401,TRUE,,1,Mirimiri_acrodonta
pteropus banakrisi,Pteropus alecto,FALSE,813028,TRUE,,1,Pteropus_alecto
pteropus leucopterus,Desmalopex leucopterus,FALSE,740197,TRUE,,1,Desmalopex_leucopterus
spermophilus adocetus,Notocitellus adocetus,FALSE,934737,TRUE,,1,Notocitellus_adocetus
spermophilus annulatus,Notocitellus annulatus,FALSE,359117,TRUE,,1,Notocitellus_annulatus
spermophilus armatus,Urocitellus armatus,FALSE,359110,TRUE,,1,Urocitellus_armatus
spermophilus atricapillus,Otospermophilus atricapillus,FALSE,1055504,TRUE,,1,Otospermophilus_atricapillus
spermophilus beecheyi,Otospermophilus beecheyi,FALSE,798034,TRUE,,1,Otospermophilus_beecheyi
spermophilus beldingi,Urocitellus beldingi,FALSE,359107,TRUE,,1,Urocitellus_beldingi
spermophilus brunneus,Urocitellus brunneus,FALSE,670618,TRUE,,1,Urocitellus_brunneus
spermophilus canus,Urocitellus canus,FALSE,3609062,TRUE,,1,Urocitellus_canus
spermophilus columbianus,Urocitellus columbianus,FALSE,1014254,TRUE,,1,Urocitellus_columbianus
spermophilus elegans,Urocitellus elegans,FALSE,359100,TRUE,,1,Urocitellus_elegans
spermophilus franklinii,Poliocitellus franklinii,FALSE,532327,TRUE,,1,Poliocitellus_franklinii
spermophilus lateralis,Callospermophilus lateralis,FALSE,604319,TRUE,,1,Callospermophilus_lateralis
spermophilus madrensis,Callospermophilus madrensis,FALSE,782282,TRUE,,1,Callospermophilus_madrensis
spermophilus mexicanus,Ictidomys mexicanus,FALSE,782276,TRUE,,1,Ictidomys_mexicanus
spermophilus mohavensis,Xerospermophilus mohavensis,FALSE,782266,TRUE,,1,Xerospermophilus_mohavensis
spermophilus mollis,Urocitellus mollis,FALSE,595745,TRUE,,1,Urocitellus_mollis
spermophilus parryii,Urocitellus parryii,FALSE,289901,TRUE,,1,Urocitellus_parryii
spermophilus perotensis,Xerospermophilus perotensis,FALSE,141525,TRUE,,1,Xerospermophilus_perotensis
spermophilus richardsonii,Urocitellus richardsonii,FALSE,828701,TRUE,,1,Urocitellus_richardsonii
spermophilus saturatus,Callospermophilus saturatus,FALSE,208064,TRUE,,2,Callospermophilus_saturatus
spermophilus spilosoma,Xerospermophilus spilosoma,FALSE,121776,TRUE,,1,Xerospermophilus_spilosoma
spermophilus tereticaudus,Xerospermophilus tereticaudus,FALSE,833672,TRUE,,1,Xerospermophilus_tereticaudus
spermophilus townsendii,Urocitellus townsendii,FALSE,833666,TRUE,,1,Urocitellus_townsendii
spermophilus tridecemlineatus,Ictidomys tridecemlineatus,FALSE,989655,TRUE,,1,Ictidomys_tridecemlineatus
spermophilus undulatus,Urocitellus undulatus,FALSE,595759,TRUE,,1,Urocitellus_undulatus
spermophilus variegatus,Otospermophilus variegatus,FALSE,532304,TRUE,,1,Otospermophilus_variegatus
spermophilus washingtoni,Urocitellus washingtoni,FALSE,833685,TRUE,,1,Urocitellus_washingtoni
sphiggurus insidiosus,Coendou insidiosus,FALSE,248890,TRUE,,1,Coendou_insidiosus
sphiggurus melanurus,Coendou melanurus,FALSE,950500,TRUE,,1,Coendou_melanurus
sphiggurus mexicanus,Coendou mexicanus,FALSE,1080803,TRUE,,1,Coendou_mexicanus
sphiggurus pruinosus,Coendou pruinosus,FALSE,3609649,TRUE,,1,Coendou_pruinosus
sphiggurus spinosus,Coendou spinosus,FALSE,3609652,TRUE,,1,Coendou_spinosus
sphiggurus vestitus,Coendou vestitus,FALSE,3609655,TRUE,,1,Coendou_vestitus
sphiggurus villosus,Coendou villosus,FALSE,44975,TRUE,,1,NOTFOUND
sus salvanius,Porcula salvania,FALSE,556761,TRUE,,1,Porcula_salvania
taurotragus oryx,Tragelaphus oryx,FALSE,70832,TRUE,,1,Tragelaphus_oryx
triaenops auritus,Paratriaenops auritus,FALSE,1071075,TRUE,,1,Paratriaenops_auritus
triaenops furculus,Paratriaenops furculus,FALSE,221782,TRUE,,1,Paratriaenops_furculus
uncia uncia,Panthera uncia,FALSE,532117,TRUE,,1,Panthera_uncia
lophocebus opdenboschi,NA,NA,NA,NA,NA,NA,Lophocebus_aterrimus
saguinus pileatus,NA,NA,NA,NA,NA,NA,Saguinus_mystax